1,2,3,4,5,6,7,8,9,10,11,12,13,14,15,16,17,18,19,20,21,22,23,24,25,26,27,28,29,30,Our method
8,8,8,3,8,4,8,5,8,7,8,9,6,7,8,8,8,7,8,6,8,8,6,4,5,7,9,7,6,6,8
3,2,1,1,1,1,1,1,1,1,2,1,2,1,1,1,1,4,1,1,3,2,1,2,3,3,2,1,2,1,1
2,3,5,7,5,5,7,4,4,6,4,7,8,4,5,7,4,8,5,4,4,5,8,5,6,6,6,5,8,5,7
12,13,12,13,10,13,12,10,11,13,12,12,12,12,13,13,11,1,11,13,9,12,13,11,11,8,12,11,12,11,13
13,12,13,11,12,10,13,13,13,11,13,13,13,13,12,11,13,13,13,12,13,13,12,12,12,13,1,13,11,13,12
1,7,4,5,7,6,4,7,6,8,6,4,5,6,3,6,5,5,6,5,5,6,5,8,8,5,4,2,7,7,5
5,1,3,4,2,2,3,3,3,3,1,3,1,2,2,2,3,2,2,2,1,1,2,1,2,1,3,4,3,3,4
11,11,10,12,13,12,10,11,12,12,11,11,11,11,11,12,12,12,12,11,11,11,11,13,13,12,13,10,13,12,9
7,4,7,6,6,8,5,6,5,4,7,6,4,8,6,5,6,6,4,8,6,4,7,7,9,9,7,8,5,8,3
4,6,6,8,3,9,6,8,7,5,5,5,7,5,7,4,7,9,7,7,7,7,4,6,7,4,8,6,4,4,6
10,10,11,10,11,11,11,12,10,10,10,10,10,10,10,9,9,11,10,10,12,10,10,10,1,11,11,12,9,10,10
9,9,9,9,9,7,9,9,9,9,9,8,9,9,9,10,10,10,9,9,10,9,9,9,10,10,10,9,10,9,11
6,5,2,2,4,3,2,2,2,2,3,2,3,3,4,3,2,3,3,3,2,3,3,3,4,2,5,3,1,2,2