Method1,Method2,Method3,Method4,Method5,Our method
32,29,15,3,25,28
17,56,54,48,46,45
54,13,14,2,20,19
72,65,67,15,11,67
2,8,31,14,2,35
67,69,68,33,69,70
14,61,12,43,26,24
51,27,6,18,21,10
60,52,11,8,27,41
42,36,38,50,37,13
37,42,58,54,6,43
25,53,60,34,59,62
43,57,55,37,54,58
61,17,2,45,9,2
26,33,39,52,42,18
53,30,52,23,56,59
68,67,65,65,66,66
31,11,35,31,57,30
66,43,29,56,30,4
15,19,47,24,58,54
62,32,50,12,47,42
47,25,26,11,12,49
34,21,44,19,48,46
9,68,69,38,67,69
6,49,20,13,33,36
40,14,36,6,38,27
33,31,27,4,31,34
41,3,9,17,39,23
50,45,59,61,60,56
69,55,45,20,49,47
4,35,42,44,65,60
38,28,49,30,13,48
59,4,3,51,14,9
44,47,19,7,34,50
63,59,63,49,61,65
70,16,40,42,7,26
64,5,21,9,40,17
56,58,53,66,68,53
48,9,28,16,43,33
46,18,16,47,32,5
55,50,48,10,50,57
52,62,61,69,62,55
57,44,41,41,44,29
28,70,70,71,70,64
3,71,71,70,71,72
16,41,57,26,8,61
49,26,30,40,64,51
21,23,7,27,22,15
19,38,25,25,35,37
24,72,72,72,72,71
18,39,46,39,51,38
5,46,51,59,52,39
71,20,17,46,63,31
11,24,34,57,4,8
7,10,5,5,28,11
65,40,37,58,41,6
30,51,24,62,36,12
13,54,64,36,15,68
10,6,33,32,16,52
1,1,1,1,1,1
22,7,22,35,55,20
27,34,8,21,23,25
29,63,62,68,17,44
8,2,10,28,45,14
23,37,4,55,18,3
12,60,13,63,29,21
20,15,18,22,24,16
58,66,66,64,10,63
35,48,56,67,19,40
36,64,43,60,53,32
45,12,32,29,5,22
39,22,23,53,3,7